{"cameraMode":{"drawMode":0,"name":"Shaded","section":"Shading Mode"},"sceneLighting":true,"audioPlay":false,"sceneViewState":{"showFog":true,"showMaterialUpdate":false,"showSkybox":true,"showFlares":true,"showImageEffects":true,"showParticleSystems":true},"in2DMode":false,"pivot":{"x":463.43798828125,"y":726.8035278320313,"z":-50.55699157714844},"rotation":{"x":0.07975422590970993,"y":-0.08272726088762284,"z":0.006642053835093975,"w":0.9933536052703857},"size":233.34524536132813,"orthographic":false}