{"cameraMode":{"drawMode":0,"name":"Shaded","section":"Shading Mode"},"sceneLighting":false,"audioPlay":false,"sceneViewState":{"showFog":true,"showMaterialUpdate":false,"showSkybox":true,"showFlares":true,"showImageEffects":true,"showParticleSystems":true},"in2DMode":false,"pivot":{"x":-3.0799999237060549,"y":0.9900000095367432,"z":-2.930000066757202},"rotation":{"x":-0.11181533336639404,"y":-0.8189185261726379,"z":0.17070642113685609,"w":-0.5364039540290833},"size":2.8578836917877199,"orthographic":false}